subreddit,year,month,deleted_removed_comments_count,deleted_removed_submissions_count
Ask_Politics,2021,1,894,673
Ask_Politics,2021,2,849,241
Ask_Politics,2021,3,1007,202
Ask_Politics,2021,4,833,200
Ask_Politics,2021,5,1244,245
Ask_Politics,2021,6,963,156
Ask_Politics,2021,7,784,124
Ask_Politics,2021,8,303,107
Ask_Politics,2021,9,297,105
Ask_Politics,2021,10,232,83
Ask_Politics,2021,11,87,65
Ask_Politics,2021,12,356,59
Ask_Politics,2022,1,373,81
Ask_Politics,2022,2,241,93
Ask_Politics,2022,3,159,107
Ask_Politics,2022,4,142,74
Ask_Politics,2022,5,199,69
Ask_Politics,2022,6,209,100
Ask_Politics,2022,7,145,109
Ask_Politics,2022,8,110,96
Ask_Politics,2022,9,68,90
Ask_Politics,2022,10,37,104
Ask_Politics,2022,11,58,93
Ask_Politics,2022,12,62,68
Ask_Politics,2023,1,44,67
Ask_Politics,2023,2,26,64
Ask_Politics,2023,3,92,61
Conservative,2021,1,0,8307
Conservative,2021,2,0,4403
Conservative,2021,3,0,4456
Conservative,2021,4,0,4686
Conservative,2021,5,0,4522
Conservative,2021,6,0,3691
Conservative,2021,7,0,4239
Conservative,2021,8,0,4741
Conservative,2021,9,0,3828
Conservative,2021,10,0,3347
Conservative,2021,11,0,4228
Conservative,2021,12,0,4284
Conservative,2022,1,0,3348
Conservative,2022,2,0,3585
Conservative,2022,3,0,3123
Conservative,2022,4,0,3034
Conservative,2022,5,0,2967
Conservative,2022,6,0,3448
Conservative,2022,7,0,3352
Conservative,2022,8,0,2856
Conservative,2022,9,0,2288
Conservative,2022,10,0,2509
Conservative,2022,11,0,3103
Conservative,2022,12,0,1879
Conservative,2023,1,0,1735
Conservative,2023,2,0,1714
Conservative,2023,3,0,2222
Economics,2021,1,12500,288
Economics,2021,2,13448,231
Economics,2021,3,15830,275
Economics,2021,4,15066,246
Economics,2021,5,12974,193
Economics,2021,6,8521,119
Economics,2021,7,6872,162
Economics,2021,8,9246,80
Economics,2021,9,12994,153
Economics,2021,10,13012,125
Economics,2021,11,13242,129
Economics,2021,12,8276,167
Economics,2022,1,12567,155
Economics,2022,2,15579,147
Economics,2022,3,27157,209
Economics,2022,4,24473,176
Economics,2022,5,24661,166
Economics,2022,6,31562,220
Economics,2022,7,26077,214
Economics,2022,8,24525,141
Economics,2022,9,25068,231
Economics,2022,10,26716,273
Economics,2022,11,23143,246
Economics,2022,12,24645,239
Economics,2023,1,18792,206
Economics,2023,2,16545,241
Economics,2023,3,20982,377
Liberal,2021,1,1279,508
Liberal,2021,2,792,276
Liberal,2021,3,819,232
Liberal,2021,4,959,219
Liberal,2021,5,902,211
Liberal,2021,6,979,166
Liberal,2021,7,1041,184
Liberal,2021,8,1038,196
Liberal,2021,9,1118,179
Liberal,2021,10,761,155
Liberal,2021,11,1057,201
Liberal,2021,12,694,178
Liberal,2022,1,637,168
Liberal,2022,2,673,184
Liberal,2022,3,773,140
Liberal,2022,4,813,152
Liberal,2022,5,925,185
Liberal,2022,6,791,243
Liberal,2022,7,885,190
Liberal,2022,8,1230,159
Liberal,2022,9,864,134
Liberal,2022,10,1057,162
Liberal,2022,11,1910,171
Liberal,2022,12,820,132
Liberal,2023,1,648,111
Liberal,2023,2,832,121
Liberal,2023,3,901,157
Libertarian,2021,1,14147,1301
Libertarian,2021,2,8152,755
Libertarian,2021,3,10073,751
Libertarian,2021,4,9523,646
Libertarian,2021,5,11250,542
Libertarian,2021,6,8823,444
Libertarian,2021,7,12487,821
Libertarian,2021,8,13492,943
Libertarian,2021,9,18404,904
Libertarian,2021,10,9667,568
Libertarian,2021,11,12282,634
Libertarian,2021,12,11668,680
Libertarian,2022,1,10179,608
Libertarian,2022,2,8437,544
Libertarian,2022,3,7466,487
Libertarian,2022,4,7290,478
Libertarian,2022,5,8859,584
Libertarian,2022,6,6040,649
Libertarian,2022,7,3190,474
Libertarian,2022,8,3009,441
Libertarian,2022,9,2517,327
Libertarian,2022,10,2229,411
Libertarian,2022,11,1771,432
Libertarian,2022,12,1604,309
Libertarian,2023,1,1412,252
Libertarian,2023,2,1554,298
Libertarian,2023,3,2229,369
centrist,2021,1,3836,333
centrist,2021,2,1425,223
centrist,2021,3,1505,164
centrist,2021,4,2229,146
centrist,2021,5,2157,123
centrist,2021,6,2041,153
centrist,2021,7,2798,173
centrist,2021,8,2073,196
centrist,2021,9,1857,126
centrist,2021,10,1414,132
centrist,2021,11,1404,164
centrist,2021,12,1543,97
centrist,2022,1,1928,97
centrist,2022,2,1777,110
centrist,2022,3,1239,79
centrist,2022,4,1151,59
centrist,2022,5,1657,107
centrist,2022,6,1571,108
centrist,2022,7,1686,69
centrist,2022,8,1884,95
centrist,2022,9,1018,96
centrist,2022,10,1487,71
centrist,2022,11,904,73
centrist,2022,12,1299,95
centrist,2023,1,1228,61
centrist,2023,2,1265,87
centrist,2023,3,2555,79
changemyview,2021,1,14973,2681
changemyview,2021,2,13711,2379
changemyview,2021,3,16998,2619
changemyview,2021,4,15447,2677
changemyview,2021,5,13303,2300
changemyview,2021,6,13472,2060
changemyview,2021,7,15395,2181
changemyview,2021,8,16876,2169
changemyview,2021,9,14012,1810
changemyview,2021,10,12904,1726
changemyview,2021,11,13800,1771
changemyview,2021,12,13163,1630
changemyview,2022,1,9611,1515
changemyview,2022,2,9504,1332
changemyview,2022,3,9063,1590
changemyview,2022,4,10243,1541
changemyview,2022,5,10416,1781
changemyview,2022,6,10302,1803
changemyview,2022,7,10668,1835
changemyview,2022,8,9574,1593
changemyview,2022,9,7610,1429
changemyview,2022,10,8480,1632
changemyview,2022,11,8694,1634
changemyview,2022,12,8961,1628
changemyview,2023,1,8805,1668
changemyview,2023,2,9574,1621
changemyview,2023,3,9984,1646
finance,2021,1,0,140
finance,2021,2,0,134
finance,2021,3,0,128
finance,2021,4,0,118
finance,2021,5,0,124
finance,2021,6,0,74
finance,2021,7,0,66
finance,2021,8,0,109
finance,2021,9,0,83
finance,2021,10,0,136
finance,2021,11,0,91
finance,2021,12,0,95
finance,2022,1,0,102
finance,2022,2,0,92
finance,2022,3,0,84
finance,2022,4,0,70
finance,2022,5,0,101
finance,2022,6,0,111
finance,2022,7,0,93
finance,2022,8,0,94
finance,2022,9,0,96
finance,2022,10,0,152
finance,2022,11,0,132
finance,2022,12,0,111
finance,2023,1,0,94
finance,2023,2,0,96
finance,2023,3,0,222
socialism,2021,1,3497,893
socialism,2021,2,2407,700
socialism,2021,3,2209,677
socialism,2021,4,2912,542
socialism,2021,5,2705,521
socialism,2021,6,2136,479
socialism,2021,7,3490,652
socialism,2021,8,2700,538
socialism,2021,9,2525,512
socialism,2021,10,2619,487
socialism,2021,11,2174,464
socialism,2021,12,2254,511
socialism,2022,1,3466,556
socialism,2022,2,4339,479
socialism,2022,3,2777,441
socialism,2022,4,5155,424
socialism,2022,5,3344,325
socialism,2022,6,3444,372
socialism,2022,7,2872,380
socialism,2022,8,3397,336
socialism,2022,9,2784,354
socialism,2022,10,1788,378
socialism,2022,11,1784,344
socialism,2022,12,1556,429
socialism,2023,1,1791,377
socialism,2023,2,1492,365
socialism,2023,3,1735,431
