month_year,avg_count,type
Jan 2021,1.06,Economics Subreddits Submissions
Feb 2021,1.04,Economics Subreddits Submissions
Mar 2021,1.15,Economics Subreddits Submissions
Apr 2021,1.16,Economics Subreddits Submissions
May 2021,1.35,Economics Subreddits Submissions
Jun 2021,1.34,Economics Subreddits Submissions
Jul 2021,1.25,Economics Subreddits Submissions
Aug 2021,1.29,Economics Subreddits Submissions
Sep 2021,1.21,Economics Subreddits Submissions
Oct 2021,1.29,Economics Subreddits Submissions
Nov 2021,1.27,Economics Subreddits Submissions
Dec 2021,1.18,Economics Subreddits Submissions
Jan 2022,1.17,Economics Subreddits Submissions
Feb 2022,1.27,Economics Subreddits Submissions
Mar 2022,1.18,Economics Subreddits Submissions
Apr 2022,1.36,Economics Subreddits Submissions
May 2022,1.39,Economics Subreddits Submissions
Jun 2022,1.16,Economics Subreddits Submissions
Jul 2022,1.44,Economics Subreddits Submissions
Aug 2022,1.31,Economics Subreddits Submissions
Sep 2022,1.45,Economics Subreddits Submissions
Oct 2022,1.6,Economics Subreddits Submissions
Nov 2022,1.42,Economics Subreddits Submissions
Dec 2022,1.47,Economics Subreddits Submissions
Jan 2023,1.43,Economics Subreddits Submissions
Feb 2023,1.6,Economics Subreddits Submissions
Mar 2023,1.31,Economics Subreddits Submissions
Jan 2021,18.36,Politics Subreddits Submissions
Feb 2021,17.46,Politics Subreddits Submissions
Mar 2021,15.83,Politics Subreddits Submissions
Apr 2021,16.23,Politics Subreddits Submissions
May 2021,17.06,Politics Subreddits Submissions
Jun 2021,18.16,Politics Subreddits Submissions
Jul 2021,16.55,Politics Subreddits Submissions
Aug 2021,16.69,Politics Subreddits Submissions
Sep 2021,18.14,Politics Subreddits Submissions
Oct 2021,15.48,Politics Subreddits Submissions
Nov 2021,15.32,Politics Subreddits Submissions
Dec 2021,15.62,Politics Subreddits Submissions
Jan 2022,14.59,Politics Subreddits Submissions
Feb 2022,14.82,Politics Subreddits Submissions
Mar 2022,14.51,Politics Subreddits Submissions
Apr 2022,16.57,Politics Subreddits Submissions
May 2022,18.2,Politics Subreddits Submissions
Jun 2022,14.18,Politics Subreddits Submissions
Jul 2022,14.29,Politics Subreddits Submissions
Aug 2022,15.48,Politics Subreddits Submissions
Sep 2022,14.03,Politics Subreddits Submissions
Oct 2022,12.81,Politics Subreddits Submissions
Nov 2022,13.57,Politics Subreddits Submissions
Dec 2022,17.68,Politics Subreddits Submissions
Jan 2023,17.25,Politics Subreddits Submissions
Feb 2023,16.26,Politics Subreddits Submissions
Mar 2023,15.8,Politics Subreddits Submissions
Jan 2021,48.74,Politics Subreddits Comments
Feb 2021,50.82,Politics Subreddits Comments
Mar 2021,51.1,Politics Subreddits Comments
Apr 2021,50.98,Politics Subreddits Comments
May 2021,50.15,Politics Subreddits Comments
Jun 2021,50.66,Politics Subreddits Comments
Jul 2021,49.93,Politics Subreddits Comments
Aug 2021,48.4,Politics Subreddits Comments
Sep 2021,48.13,Politics Subreddits Comments
Oct 2021,48.54,Politics Subreddits Comments
Nov 2021,45.94,Politics Subreddits Comments
Dec 2021,46.89,Politics Subreddits Comments
Jan 2022,45.82,Politics Subreddits Comments
Feb 2022,44.98,Politics Subreddits Comments
Mar 2022,46.69,Politics Subreddits Comments
Apr 2022,48.49,Politics Subreddits Comments
May 2022,49.44,Politics Subreddits Comments
Jun 2022,48.63,Politics Subreddits Comments
Jul 2022,49.24,Politics Subreddits Comments
Aug 2022,51.33,Politics Subreddits Comments
Sep 2022,51.02,Politics Subreddits Comments
Oct 2022,49.45,Politics Subreddits Comments
Nov 2022,48.2,Politics Subreddits Comments
Dec 2022,54.57,Politics Subreddits Comments
Jan 2023,53.65,Politics Subreddits Comments
Feb 2023,53.3,Politics Subreddits Comments
Mar 2023,52.08,Politics Subreddits Comments
Jan 2021,38.94,Economics Subreddits Comments
Feb 2021,37.66,Economics Subreddits Comments
Mar 2021,37.61,Economics Subreddits Comments
Apr 2021,36.34,Economics Subreddits Comments
May 2021,38.45,Economics Subreddits Comments
Jun 2021,40.57,Economics Subreddits Comments
Jul 2021,39.29,Economics Subreddits Comments
Aug 2021,38.56,Economics Subreddits Comments
Sep 2021,40.68,Economics Subreddits Comments
Oct 2021,35.53,Economics Subreddits Comments
Nov 2021,34.32,Economics Subreddits Comments
Dec 2021,41.91,Economics Subreddits Comments
Jan 2022,37.43,Economics Subreddits Comments
Feb 2022,31.06,Economics Subreddits Comments
Mar 2022,26.04,Economics Subreddits Comments
Apr 2022,29.53,Economics Subreddits Comments
May 2022,30.08,Economics Subreddits Comments
Jun 2022,30.93,Economics Subreddits Comments
Jul 2022,30.3,Economics Subreddits Comments
Aug 2022,32.32,Economics Subreddits Comments
Sep 2022,37.29,Economics Subreddits Comments
Oct 2022,33.88,Economics Subreddits Comments
Nov 2022,33.61,Economics Subreddits Comments
Dec 2022,35.13,Economics Subreddits Comments
Jan 2023,40.5,Economics Subreddits Comments
Feb 2023,40.9,Economics Subreddits Comments
Mar 2023,41.08,Economics Subreddits Comments
