subreddit,year_month,sentiment,total_comments_sentiment,year(created_utc),month(created_utc),total_comments
Ask_Politics,2021-1,positive,4697,2021,1,8266
Ask_Politics,2021-1,neutral,252,2021,1,8266
Ask_Politics,2021-1,negative,3317,2021,1,8266
Ask_Politics,2021-10,positive,644,2021,10,1146
Ask_Politics,2021-10,neutral,19,2021,10,1146
Ask_Politics,2021-10,negative,483,2021,10,1146
Ask_Politics,2021-11,positive,407,2021,11,677
Ask_Politics,2021-11,neutral,11,2021,11,677
Ask_Politics,2021-11,negative,259,2021,11,677
Ask_Politics,2021-12,positive,692,2021,12,1408
Ask_Politics,2021-12,neutral,31,2021,12,1408
Ask_Politics,2021-12,negative,685,2021,12,1408
Ask_Politics,2021-2,positive,3307,2021,2,6402
Ask_Politics,2021-2,neutral,188,2021,2,6402
Ask_Politics,2021-2,negative,2907,2021,2,6402
Ask_Politics,2021-3,positive,3156,2021,3,6200
Ask_Politics,2021-3,neutral,153,2021,3,6200
Ask_Politics,2021-3,negative,2891,2021,3,6200
Ask_Politics,2021-4,positive,3171,2021,4,5868
Ask_Politics,2021-4,neutral,181,2021,4,5868
Ask_Politics,2021-4,negative,2516,2021,4,5868
Ask_Politics,2021-5,positive,3011,2021,5,6477
Ask_Politics,2021-5,neutral,148,2021,5,6477
Ask_Politics,2021-5,negative,3318,2021,5,6477
Ask_Politics,2021-6,positive,1674,2021,6,3744
Ask_Politics,2021-6,neutral,99,2021,6,3744
Ask_Politics,2021-6,negative,1971,2021,6,3744
Ask_Politics,2021-7,positive,1163,2021,7,2614
Ask_Politics,2021-7,neutral,56,2021,7,2614
Ask_Politics,2021-7,negative,1395,2021,7,2614
Ask_Politics,2021-8,positive,965,2021,8,2021
Ask_Politics,2021-8,neutral,47,2021,8,2021
Ask_Politics,2021-8,negative,1009,2021,8,2021
Ask_Politics,2021-9,positive,803,2021,9,1565
Ask_Politics,2021-9,neutral,45,2021,9,1565
Ask_Politics,2021-9,negative,717,2021,9,1565
Ask_Politics,2022-1,positive,781,2022,1,1669
Ask_Politics,2022-1,neutral,43,2022,1,1669
Ask_Politics,2022-1,negative,845,2022,1,1669
Ask_Politics,2022-10,positive,354,2022,10,523
Ask_Politics,2022-10,neutral,9,2022,10,523
Ask_Politics,2022-10,negative,160,2022,10,523
Ask_Politics,2022-11,positive,382,2022,11,599
Ask_Politics,2022-11,neutral,13,2022,11,599
Ask_Politics,2022-11,negative,204,2022,11,599
Ask_Politics,2022-12,positive,319,2022,12,556
Ask_Politics,2022-12,neutral,7,2022,12,556
Ask_Politics,2022-12,negative,230,2022,12,556
Ask_Politics,2022-2,positive,627,2022,2,1354
Ask_Politics,2022-2,neutral,38,2022,2,1354
Ask_Politics,2022-2,negative,689,2022,2,1354
Ask_Politics,2022-3,positive,713,2022,3,1318
Ask_Politics,2022-3,neutral,18,2022,3,1318
Ask_Politics,2022-3,negative,587,2022,3,1318
Ask_Politics,2022-4,positive,560,2022,4,1055
Ask_Politics,2022-4,neutral,23,2022,4,1055
Ask_Politics,2022-4,negative,472,2022,4,1055
Ask_Politics,2022-5,positive,722,2022,5,1422
Ask_Politics,2022-5,neutral,37,2022,5,1422
Ask_Politics,2022-5,negative,663,2022,5,1422
Ask_Politics,2022-6,positive,811,2022,6,1443
Ask_Politics,2022-6,neutral,30,2022,6,1443
Ask_Politics,2022-6,negative,602,2022,6,1443
Ask_Politics,2022-7,positive,535,2022,7,951
Ask_Politics,2022-7,neutral,26,2022,7,951
Ask_Politics,2022-7,negative,390,2022,7,951
Ask_Politics,2022-8,positive,649,2022,8,1124
Ask_Politics,2022-8,neutral,25,2022,8,1124
Ask_Politics,2022-8,negative,450,2022,8,1124
Ask_Politics,2022-9,positive,360,2022,9,626
Ask_Politics,2022-9,neutral,18,2022,9,626
Ask_Politics,2022-9,negative,248,2022,9,626
Ask_Politics,2023-1,positive,239,2023,1,396
Ask_Politics,2023-1,neutral,11,2023,1,396
Ask_Politics,2023-1,negative,146,2023,1,396
Ask_Politics,2023-2,positive,161,2023,2,263
Ask_Politics,2023-2,neutral,5,2023,2,263
Ask_Politics,2023-2,negative,97,2023,2,263
Ask_Politics,2023-3,positive,206,2023,3,411
Ask_Politics,2023-3,neutral,7,2023,3,411
Ask_Politics,2023-3,negative,198,2023,3,411
Conservative,2021-1,positive,206993,2021,1,354048
Conservative,2021-1,neutral,17587,2021,1,354048
Conservative,2021-1,negative,129468,2021,1,354048
Conservative,2021-10,positive,94248,2021,10,165438
Conservative,2021-10,neutral,8286,2021,10,165438
Conservative,2021-10,negative,62904,2021,10,165438
Conservative,2021-11,positive,129711,2021,11,227560
Conservative,2021-11,neutral,12126,2021,11,227560
Conservative,2021-11,negative,85723,2021,11,227560
Conservative,2021-12,positive,112746,2021,12,197435
Conservative,2021-12,neutral,9957,2021,12,197435
Conservative,2021-12,negative,74732,2021,12,197435
Conservative,2021-2,positive,175963,2021,2,301770
Conservative,2021-2,neutral,14939,2021,2,301770
Conservative,2021-2,negative,110868,2021,2,301770
Conservative,2021-3,positive,163238,2021,3,281801
Conservative,2021-3,neutral,13791,2021,3,281801
Conservative,2021-3,negative,104772,2021,3,281801
Conservative,2021-4,positive,163264,2021,4,283798
Conservative,2021-4,neutral,14001,2021,4,283798
Conservative,2021-4,negative,106533,2021,4,283798
Conservative,2021-5,positive,145276,2021,5,255862
Conservative,2021-5,neutral,12284,2021,5,255862
Conservative,2021-5,negative,98302,2021,5,255862
Conservative,2021-6,positive,116656,2021,6,202345
Conservative,2021-6,neutral,9926,2021,6,202345
Conservative,2021-6,negative,75763,2021,6,202345
Conservative,2021-7,positive,104640,2021,7,181453
Conservative,2021-7,neutral,8858,2021,7,181453
Conservative,2021-7,negative,67955,2021,7,181453
Conservative,2021-8,positive,107344,2021,8,197942
Conservative,2021-8,neutral,9593,2021,8,197942
Conservative,2021-8,negative,81005,2021,8,197942
Conservative,2021-9,positive,107475,2021,9,189971
Conservative,2021-9,neutral,9031,2021,9,189971
Conservative,2021-9,negative,73465,2021,9,189971
Conservative,2022-1,positive,118915,2022,1,205345
Conservative,2022-1,neutral,10331,2022,1,205345
Conservative,2022-1,negative,76099,2022,1,205345
Conservative,2022-10,positive,84453,2022,10,146354
Conservative,2022-10,neutral,7117,2022,10,146354
Conservative,2022-10,negative,54784,2022,10,146354
Conservative,2022-11,positive,107367,2022,11,185600
Conservative,2022-11,neutral,9416,2022,11,185600
Conservative,2022-11,negative,68817,2022,11,185600
Conservative,2022-12,positive,50913,2022,12,88560
Conservative,2022-12,neutral,4279,2022,12,88560
Conservative,2022-12,negative,33368,2022,12,88560
Conservative,2022-2,positive,114779,2022,2,202754
Conservative,2022-2,neutral,9976,2022,2,202754
Conservative,2022-2,negative,77999,2022,2,202754
Conservative,2022-3,positive,110935,2022,3,196587
Conservative,2022-3,neutral,9632,2022,3,196587
Conservative,2022-3,negative,76020,2022,3,196587
Conservative,2022-4,positive,93266,2022,4,157315
Conservative,2022-4,neutral,7813,2022,4,157315
Conservative,2022-4,negative,56236,2022,4,157315
Conservative,2022-5,positive,103883,2022,5,183761
Conservative,2022-5,neutral,8663,2022,5,183761
Conservative,2022-5,negative,71215,2022,5,183761
Conservative,2022-6,positive,123493,2022,6,212839
Conservative,2022-6,neutral,10307,2022,6,212839
Conservative,2022-6,negative,79039,2022,6,212839
Conservative,2022-7,positive,114284,2022,7,194243
Conservative,2022-7,neutral,9253,2022,7,194243
Conservative,2022-7,negative,70706,2022,7,194243
Conservative,2022-8,positive,80219,2022,8,141697
Conservative,2022-8,neutral,7121,2022,8,141697
Conservative,2022-8,negative,54357,2022,8,141697
Conservative,2022-9,positive,75379,2022,9,131201
Conservative,2022-9,neutral,6460,2022,9,131201
Conservative,2022-9,negative,49362,2022,9,131201
Conservative,2023-1,positive,61314,2023,1,105024
Conservative,2023-1,neutral,5217,2023,1,105024
Conservative,2023-1,negative,38493,2023,1,105024
Conservative,2023-2,positive,57553,2023,2,100395
Conservative,2023-2,neutral,4737,2023,2,100395
Conservative,2023-2,negative,38105,2023,2,100395
Conservative,2023-3,positive,65290,2023,3,113475
Conservative,2023-3,neutral,5418,2023,3,113475
Conservative,2023-3,negative,42767,2023,3,113475
Economics,2021-1,positive,22864,2021,1,50652
Economics,2021-1,neutral,1394,2021,1,50652
Economics,2021-1,negative,26394,2021,1,50652
Economics,2021-10,positive,13002,2021,10,32799
Economics,2021-10,neutral,708,2021,10,32799
Economics,2021-10,negative,19089,2021,10,32799
Economics,2021-11,positive,12785,2021,11,32909
Economics,2021-11,neutral,700,2021,11,32909
Economics,2021-11,negative,19424,2021,11,32909
Economics,2021-12,positive,16408,2021,12,34205
Economics,2021-12,neutral,1035,2021,12,34205
Economics,2021-12,negative,16762,2021,12,34205
Economics,2021-2,positive,17654,2021,2,41849
Economics,2021-2,neutral,983,2021,2,41849
Economics,2021-2,negative,23212,2021,2,41849
Economics,2021-3,positive,22291,2021,3,52446
Economics,2021-3,neutral,1257,2021,3,52446
Economics,2021-3,negative,28898,2021,3,52446
Economics,2021-4,positive,20441,2021,4,48884
Economics,2021-4,neutral,1190,2021,4,48884
Economics,2021-4,negative,27253,2021,4,48884
Economics,2021-5,positive,21988,2021,5,48858
Economics,2021-5,neutral,1246,2021,5,48858
Economics,2021-5,negative,25624,2021,5,48858
Economics,2021-6,positive,15716,2021,6,34304
Economics,2021-6,neutral,906,2021,6,34304
Economics,2021-6,negative,17682,2021,6,34304
Economics,2021-7,positive,10697,2021,7,24317
Economics,2021-7,neutral,626,2021,7,24317
Economics,2021-7,negative,12994,2021,7,24317
Economics,2021-8,positive,12773,2021,8,30516
Economics,2021-8,neutral,739,2021,8,30516
Economics,2021-8,negative,17004,2021,8,30516
Economics,2021-9,positive,14561,2021,9,38333
Economics,2021-9,neutral,889,2021,9,38333
Economics,2021-9,negative,22883,2021,9,38333
Economics,2022-1,positive,16407,2022,1,38714
Economics,2022-1,neutral,931,2022,1,38714
Economics,2022-1,negative,21376,2022,1,38714
Economics,2022-10,positive,28493,2022,10,72874
Economics,2022-10,neutral,1685,2022,10,72874
Economics,2022-10,negative,42696,2022,10,72874
Economics,2022-11,positive,25155,2022,11,63500
Economics,2022-11,neutral,1496,2022,11,63500
Economics,2022-11,negative,36849,2022,11,63500
Economics,2022-12,positive,30632,2022,12,75131
Economics,2022-12,neutral,1867,2022,12,75131
Economics,2022-12,negative,42632,2022,12,75131
Economics,2022-2,positive,13606,2022,2,37268
Economics,2022-2,neutral,819,2022,2,37268
Economics,2022-2,negative,22843,2022,2,37268
Economics,2022-3,positive,15397,2022,3,52650
Economics,2022-3,neutral,994,2022,3,52650
Economics,2022-3,negative,36259,2022,3,52650
Economics,2022-4,positive,17165,2022,4,51235
Economics,2022-4,neutral,957,2022,4,51235
Economics,2022-4,negative,33113,2022,4,51235
Economics,2022-5,positive,20081,2022,5,57128
Economics,2022-5,neutral,1237,2022,5,57128
Economics,2022-5,negative,35810,2022,5,57128
Economics,2022-6,positive,25199,2022,6,73497
Economics,2022-6,neutral,1642,2022,6,73497
Economics,2022-6,negative,46656,2022,6,73497
Economics,2022-7,positive,19818,2022,7,59920
Economics,2022-7,neutral,1325,2022,7,59920
Economics,2022-7,negative,38777,2022,7,59920
Economics,2022-8,positive,20099,2022,8,58299
Economics,2022-8,neutral,1136,2022,8,58299
Economics,2022-8,negative,37064,2022,8,58299
Economics,2022-9,positive,30066,2022,9,71764
Economics,2022-9,neutral,1528,2022,9,71764
Economics,2022-9,negative,40170,2022,9,71764
Economics,2023-1,positive,36735,2023,1,80012
Economics,2023-1,neutral,2322,2023,1,80012
Economics,2023-1,negative,40955,2023,1,80012
Economics,2023-2,positive,31723,2023,2,70979
Economics,2023-2,neutral,2031,2023,2,70979
Economics,2023-2,negative,37225,2023,2,70979
Economics,2023-3,positive,43700,2023,3,92045
Economics,2023-3,neutral,2619,2023,3,92045
Economics,2023-3,negative,45726,2023,3,92045
Liberal,2021-1,positive,2642,2021,1,5718
Liberal,2021-1,neutral,234,2021,1,5718
Liberal,2021-1,negative,2842,2021,1,5718
Liberal,2021-10,positive,955,2021,10,2353
Liberal,2021-10,neutral,89,2021,10,2353
Liberal,2021-10,negative,1309,2021,10,2353
Liberal,2021-11,positive,890,2021,11,2579
Liberal,2021-11,neutral,89,2021,11,2579
Liberal,2021-11,negative,1600,2021,11,2579
Liberal,2021-12,positive,716,2021,12,1934
Liberal,2021-12,neutral,62,2021,12,1934
Liberal,2021-12,negative,1156,2021,12,1934
Liberal,2021-2,positive,2000,2021,2,4096
Liberal,2021-2,neutral,164,2021,2,4096
Liberal,2021-2,negative,1932,2021,2,4096
Liberal,2021-3,positive,1839,2021,3,3975
Liberal,2021-3,neutral,175,2021,3,3975
Liberal,2021-3,negative,1961,2021,3,3975
Liberal,2021-4,positive,2144,2021,4,4733
Liberal,2021-4,neutral,154,2021,4,4733
Liberal,2021-4,negative,2435,2021,4,4733
Liberal,2021-5,positive,1881,2021,5,4206
Liberal,2021-5,neutral,172,2021,5,4206
Liberal,2021-5,negative,2153,2021,5,4206
Liberal,2021-6,positive,2440,2021,6,5031
Liberal,2021-6,neutral,181,2021,6,5031
Liberal,2021-6,negative,2410,2021,6,5031
Liberal,2021-7,positive,2294,2021,7,4854
Liberal,2021-7,neutral,201,2021,7,4854
Liberal,2021-7,negative,2359,2021,7,4854
Liberal,2021-8,positive,1545,2021,8,3782
Liberal,2021-8,neutral,138,2021,8,3782
Liberal,2021-8,negative,2099,2021,8,3782
Liberal,2021-9,positive,1399,2021,9,3477
Liberal,2021-9,neutral,122,2021,9,3477
Liberal,2021-9,negative,1956,2021,9,3477
Liberal,2022-1,positive,686,2022,1,1815
Liberal,2022-1,neutral,64,2022,1,1815
Liberal,2022-1,negative,1065,2022,1,1815
Liberal,2022-10,positive,1784,2022,10,4061
Liberal,2022-10,neutral,155,2022,10,4061
Liberal,2022-10,negative,2122,2022,10,4061
Liberal,2022-11,positive,2603,2022,11,6217
Liberal,2022-11,neutral,246,2022,11,6217
Liberal,2022-11,negative,3368,2022,11,6217
Liberal,2022-12,positive,1518,2022,12,3342
Liberal,2022-12,neutral,120,2022,12,3342
Liberal,2022-12,negative,1704,2022,12,3342
Liberal,2022-2,positive,732,2022,2,1907
Liberal,2022-2,neutral,60,2022,2,1907
Liberal,2022-2,negative,1115,2022,2,1907
Liberal,2022-3,positive,812,2022,3,2184
Liberal,2022-3,neutral,97,2022,3,2184
Liberal,2022-3,negative,1275,2022,3,2184
Liberal,2022-4,positive,1119,2022,4,2711
Liberal,2022-4,neutral,96,2022,4,2711
Liberal,2022-4,negative,1496,2022,4,2711
Liberal,2022-5,positive,1293,2022,5,3118
Liberal,2022-5,neutral,112,2022,5,3118
Liberal,2022-5,negative,1713,2022,5,3118
Liberal,2022-6,positive,1240,2022,6,2904
Liberal,2022-6,neutral,109,2022,6,2904
Liberal,2022-6,negative,1555,2022,6,2904
Liberal,2022-7,positive,1386,2022,7,3175
Liberal,2022-7,neutral,107,2022,7,3175
Liberal,2022-7,negative,1682,2022,7,3175
Liberal,2022-8,positive,2240,2022,8,5085
Liberal,2022-8,neutral,215,2022,8,5085
Liberal,2022-8,negative,2630,2022,8,5085
Liberal,2022-9,positive,1475,2022,9,3323
Liberal,2022-9,neutral,135,2022,9,3323
Liberal,2022-9,negative,1713,2022,9,3323
Liberal,2023-1,positive,1283,2023,1,2793
Liberal,2023-1,neutral,122,2023,1,2793
Liberal,2023-1,negative,1388,2023,1,2793
Liberal,2023-2,positive,1426,2023,2,3122
Liberal,2023-2,neutral,107,2023,2,3122
Liberal,2023-2,negative,1589,2023,2,3122
Liberal,2023-3,positive,1404,2023,3,3211
Liberal,2023-3,neutral,106,2023,3,3211
Liberal,2023-3,negative,1701,2023,3,3211
Libertarian,2021-1,positive,112585,2021,1,185511
Libertarian,2021-1,neutral,8430,2021,1,185511
Libertarian,2021-1,negative,64496,2021,1,185511
Libertarian,2021-10,positive,87897,2021,10,145936
Libertarian,2021-10,neutral,6096,2021,10,145936
Libertarian,2021-10,negative,51943,2021,10,145936
Libertarian,2021-11,positive,103999,2021,11,172691
Libertarian,2021-11,neutral,7446,2021,11,172691
Libertarian,2021-11,negative,61246,2021,11,172691
Libertarian,2021-12,positive,93305,2021,12,162892
Libertarian,2021-12,neutral,6672,2021,12,162892
Libertarian,2021-12,negative,62915,2021,12,162892
Libertarian,2021-2,positive,80822,2021,2,133037
Libertarian,2021-2,neutral,5851,2021,2,133037
Libertarian,2021-2,negative,46364,2021,2,133037
Libertarian,2021-3,positive,90143,2021,3,150450
Libertarian,2021-3,neutral,6707,2021,3,150450
Libertarian,2021-3,negative,53600,2021,3,150450
Libertarian,2021-4,positive,81558,2021,4,139016
Libertarian,2021-4,neutral,6067,2021,4,139016
Libertarian,2021-4,negative,51391,2021,4,139016
Libertarian,2021-5,positive,74372,2021,5,127251
Libertarian,2021-5,neutral,5455,2021,5,127251
Libertarian,2021-5,negative,47424,2021,5,127251
Libertarian,2021-6,positive,82958,2021,6,140073
Libertarian,2021-6,neutral,6070,2021,6,140073
Libertarian,2021-6,negative,51045,2021,6,140073
Libertarian,2021-7,positive,90244,2021,7,149971
Libertarian,2021-7,neutral,6441,2021,7,149971
Libertarian,2021-7,negative,53286,2021,7,149971
Libertarian,2021-8,positive,108979,2021,8,184635
Libertarian,2021-8,neutral,7626,2021,8,184635
Libertarian,2021-8,negative,68030,2021,8,184635
Libertarian,2021-9,positive,119793,2021,9,207011
Libertarian,2021-9,neutral,8588,2021,9,207011
Libertarian,2021-9,negative,78630,2021,9,207011
Libertarian,2022-1,positive,85224,2022,1,144212
Libertarian,2022-1,neutral,6118,2022,1,144212
Libertarian,2022-1,negative,52870,2022,1,144212
Libertarian,2022-10,positive,7782,2022,10,15799
Libertarian,2022-10,neutral,726,2022,10,15799
Libertarian,2022-10,negative,7291,2022,10,15799
Libertarian,2022-11,positive,6611,2022,11,13254
Libertarian,2022-11,neutral,625,2022,11,13254
Libertarian,2022-11,negative,6018,2022,11,13254
Libertarian,2022-12,positive,6136,2022,12,12601
Libertarian,2022-12,neutral,529,2022,12,12601
Libertarian,2022-12,negative,5936,2022,12,12601
Libertarian,2022-2,positive,72807,2022,2,127043
Libertarian,2022-2,neutral,5378,2022,2,127043
Libertarian,2022-2,negative,48858,2022,2,127043
Libertarian,2022-3,positive,59549,2022,3,103118
Libertarian,2022-3,neutral,3994,2022,3,103118
Libertarian,2022-3,negative,39575,2022,3,103118
Libertarian,2022-4,positive,51315,2022,4,88574
Libertarian,2022-4,neutral,3454,2022,4,88574
Libertarian,2022-4,negative,33805,2022,4,88574
Libertarian,2022-5,positive,55957,2022,5,99267
Libertarian,2022-5,neutral,3583,2022,5,99267
Libertarian,2022-5,negative,39727,2022,5,99267
Libertarian,2022-6,positive,34006,2022,6,61419
Libertarian,2022-6,neutral,2335,2022,6,61419
Libertarian,2022-6,negative,25078,2022,6,61419
Libertarian,2022-7,positive,19083,2022,7,35244
Libertarian,2022-7,neutral,1492,2022,7,35244
Libertarian,2022-7,negative,14669,2022,7,35244
Libertarian,2022-8,positive,12671,2022,8,25158
Libertarian,2022-8,neutral,1172,2022,8,25158
Libertarian,2022-8,negative,11315,2022,8,25158
Libertarian,2022-9,positive,10260,2022,9,19755
Libertarian,2022-9,neutral,889,2022,9,19755
Libertarian,2022-9,negative,8606,2022,9,19755
Libertarian,2023-1,positive,6753,2023,1,12962
Libertarian,2023-1,neutral,539,2023,1,12962
Libertarian,2023-1,negative,5670,2023,1,12962
Libertarian,2023-2,positive,8071,2023,2,15353
Libertarian,2023-2,neutral,596,2023,2,15353
Libertarian,2023-2,negative,6686,2023,2,15353
Libertarian,2023-3,positive,9941,2023,3,18975
Libertarian,2023-3,neutral,733,2023,3,18975
Libertarian,2023-3,negative,8301,2023,3,18975
centrist,2021-1,positive,30491,2021,1,50599
centrist,2021-1,neutral,2120,2021,1,50599
centrist,2021-1,negative,17988,2021,1,50599
centrist,2021-10,positive,17730,2021,10,29346
centrist,2021-10,neutral,1135,2021,10,29346
centrist,2021-10,negative,10481,2021,10,29346
centrist,2021-11,positive,17922,2021,11,29683
centrist,2021-11,neutral,1247,2021,11,29683
centrist,2021-11,negative,10514,2021,11,29683
centrist,2021-12,positive,16307,2021,12,27662
centrist,2021-12,neutral,1128,2021,12,27662
centrist,2021-12,negative,10227,2021,12,27662
centrist,2021-2,positive,16229,2021,2,25894
centrist,2021-2,neutral,1057,2021,2,25894
centrist,2021-2,negative,8608,2021,2,25894
centrist,2021-3,positive,15053,2021,3,24836
centrist,2021-3,neutral,996,2021,3,24836
centrist,2021-3,negative,8787,2021,3,24836
centrist,2021-4,positive,20967,2021,4,34717
centrist,2021-4,neutral,1388,2021,4,34717
centrist,2021-4,negative,12362,2021,4,34717
centrist,2021-5,positive,28571,2021,5,47234
centrist,2021-5,neutral,1850,2021,5,47234
centrist,2021-5,negative,16813,2021,5,47234
centrist,2021-6,positive,26931,2021,6,43998
centrist,2021-6,neutral,1863,2021,6,43998
centrist,2021-6,negative,15204,2021,6,43998
centrist,2021-7,positive,22367,2021,7,36805
centrist,2021-7,neutral,1424,2021,7,36805
centrist,2021-7,negative,13014,2021,7,36805
centrist,2021-8,positive,20028,2021,8,34702
centrist,2021-8,neutral,1341,2021,8,34702
centrist,2021-8,negative,13333,2021,8,34702
centrist,2021-9,positive,20692,2021,9,35329
centrist,2021-9,neutral,1303,2021,9,35329
centrist,2021-9,negative,13334,2021,9,35329
centrist,2022-1,positive,22199,2022,1,37269
centrist,2022-1,neutral,1522,2022,1,37269
centrist,2022-1,negative,13548,2022,1,37269
centrist,2022-10,positive,19099,2022,10,31808
centrist,2022-10,neutral,1384,2022,10,31808
centrist,2022-10,negative,11325,2022,10,31808
centrist,2022-11,positive,12250,2022,11,20040
centrist,2022-11,neutral,877,2022,11,20040
centrist,2022-11,negative,6913,2022,11,20040
centrist,2022-12,positive,17892,2022,12,29431
centrist,2022-12,neutral,1125,2022,12,29431
centrist,2022-12,negative,10414,2022,12,29431
centrist,2022-2,positive,16331,2022,2,28873
centrist,2022-2,neutral,1193,2022,2,28873
centrist,2022-2,negative,11349,2022,2,28873
centrist,2022-3,positive,16132,2022,3,26325
centrist,2022-3,neutral,1028,2022,3,26325
centrist,2022-3,negative,9165,2022,3,26325
centrist,2022-4,positive,15879,2022,4,25977
centrist,2022-4,neutral,1025,2022,4,25977
centrist,2022-4,negative,9073,2022,4,25977
centrist,2022-5,positive,23777,2022,5,41237
centrist,2022-5,neutral,1618,2022,5,41237
centrist,2022-5,negative,15842,2022,5,41237
centrist,2022-6,positive,24417,2022,6,40478
centrist,2022-6,neutral,1690,2022,6,40478
centrist,2022-6,negative,14371,2022,6,40478
centrist,2022-7,positive,24946,2022,7,41442
centrist,2022-7,neutral,1684,2022,7,41442
centrist,2022-7,negative,14812,2022,7,41442
centrist,2022-8,positive,23578,2022,8,39488
centrist,2022-8,neutral,1699,2022,8,39488
centrist,2022-8,negative,14211,2022,8,39488
centrist,2022-9,positive,13780,2022,9,22459
centrist,2022-9,neutral,938,2022,9,22459
centrist,2022-9,negative,7741,2022,9,22459
centrist,2023-1,positive,18604,2023,1,30649
centrist,2023-1,neutral,1231,2023,1,30649
centrist,2023-1,negative,10814,2023,1,30649
centrist,2023-2,positive,20772,2023,2,33399
centrist,2023-2,neutral,1291,2023,2,33399
centrist,2023-2,negative,11336,2023,2,33399
centrist,2023-3,positive,29073,2023,3,47888
centrist,2023-3,neutral,1923,2023,3,47888
centrist,2023-3,negative,16892,2023,3,47888
changemyview,2021-1,positive,100600,2021,1,157716
changemyview,2021-1,neutral,5404,2021,1,157716
changemyview,2021-1,negative,51712,2021,1,157716
changemyview,2021-10,positive,94317,2021,10,143062
changemyview,2021-10,neutral,4673,2021,10,143062
changemyview,2021-10,negative,44072,2021,10,143062
changemyview,2021-11,positive,104635,2021,11,160015
changemyview,2021-11,neutral,5410,2021,11,160015
changemyview,2021-11,negative,49970,2021,11,160015
changemyview,2021-12,positive,98753,2021,12,152064
changemyview,2021-12,neutral,5117,2021,12,152064
changemyview,2021-12,negative,48194,2021,12,152064
changemyview,2021-2,positive,95036,2021,2,145535
changemyview,2021-2,neutral,4728,2021,2,145535
changemyview,2021-2,negative,45771,2021,2,145535
changemyview,2021-3,positive,113796,2021,3,175473
changemyview,2021-3,neutral,5831,2021,3,175473
changemyview,2021-3,negative,55846,2021,3,175473
changemyview,2021-4,positive,114036,2021,4,179995
changemyview,2021-4,neutral,6014,2021,4,179995
changemyview,2021-4,negative,59945,2021,4,179995
changemyview,2021-5,positive,99287,2021,5,153818
changemyview,2021-5,neutral,4950,2021,5,153818
changemyview,2021-5,negative,49581,2021,5,153818
changemyview,2021-6,positive,104976,2021,6,163509
changemyview,2021-6,neutral,5508,2021,6,163509
changemyview,2021-6,negative,53025,2021,6,163509
changemyview,2021-7,positive,109547,2021,7,167728
changemyview,2021-7,neutral,5587,2021,7,167728
changemyview,2021-7,negative,52594,2021,7,167728
changemyview,2021-8,positive,118714,2021,8,188319
changemyview,2021-8,neutral,6246,2021,8,188319
changemyview,2021-8,negative,63359,2021,8,188319
changemyview,2021-9,positive,103522,2021,9,163076
changemyview,2021-9,neutral,5306,2021,9,163076
changemyview,2021-9,negative,54248,2021,9,163076
changemyview,2022-1,positive,77703,2022,1,118487
changemyview,2022-1,neutral,3952,2022,1,118487
changemyview,2022-1,negative,36832,2022,1,118487
changemyview,2022-10,positive,78037,2022,10,122681
changemyview,2022-10,neutral,4017,2022,10,122681
changemyview,2022-10,negative,40627,2022,10,122681
changemyview,2022-11,positive,79063,2022,11,121888
changemyview,2022-11,neutral,3996,2022,11,121888
changemyview,2022-11,negative,38829,2022,11,121888
changemyview,2022-12,positive,88149,2022,12,134044
changemyview,2022-12,neutral,4352,2022,12,134044
changemyview,2022-12,negative,41543,2022,12,134044
changemyview,2022-2,positive,72557,2022,2,110874
changemyview,2022-2,neutral,3614,2022,2,110874
changemyview,2022-2,negative,34703,2022,2,110874
changemyview,2022-3,positive,71037,2022,3,110970
changemyview,2022-3,neutral,3546,2022,3,110970
changemyview,2022-3,negative,36387,2022,3,110970
changemyview,2022-4,positive,89851,2022,4,134046
changemyview,2022-4,neutral,4365,2022,4,134046
changemyview,2022-4,negative,39830,2022,4,134046
changemyview,2022-5,positive,93620,2022,5,147326
changemyview,2022-5,neutral,4919,2022,5,147326
changemyview,2022-5,negative,48787,2022,5,147326
changemyview,2022-6,positive,92637,2022,6,144351
changemyview,2022-6,neutral,4871,2022,6,144351
changemyview,2022-6,negative,46843,2022,6,144351
changemyview,2022-7,positive,95041,2022,7,151537
changemyview,2022-7,neutral,5268,2022,7,151537
changemyview,2022-7,negative,51228,2022,7,151537
changemyview,2022-8,positive,94631,2022,8,147948
changemyview,2022-8,neutral,5264,2022,8,147948
changemyview,2022-8,negative,48053,2022,8,147948
changemyview,2022-9,positive,75016,2022,9,116109
changemyview,2022-9,neutral,3888,2022,9,116109
changemyview,2022-9,negative,37205,2022,9,116109
changemyview,2023-1,positive,83026,2023,1,127672
changemyview,2023-1,neutral,4167,2023,1,127672
changemyview,2023-1,negative,40479,2023,1,127672
changemyview,2023-2,positive,80512,2023,2,123611
changemyview,2023-2,neutral,3913,2023,2,123611
changemyview,2023-2,negative,39186,2023,2,123611
changemyview,2023-3,positive,90041,2023,3,137077
changemyview,2023-3,neutral,4269,2023,3,137077
changemyview,2023-3,negative,42767,2023,3,137077
finance,2021-1,positive,4334,2021,1,6376
finance,2021-1,neutral,284,2021,1,6376
finance,2021-1,negative,1758,2021,1,6376
finance,2021-10,positive,2767,2021,10,4681
finance,2021-10,neutral,193,2021,10,4681
finance,2021-10,negative,1721,2021,10,4681
finance,2021-11,positive,2532,2021,11,4013
finance,2021-11,neutral,175,2021,11,4013
finance,2021-11,negative,1306,2021,11,4013
finance,2021-12,positive,3205,2021,12,5085
finance,2021-12,neutral,184,2021,12,5085
finance,2021-12,negative,1696,2021,12,5085
finance,2021-2,positive,3493,2021,2,4918
finance,2021-2,neutral,182,2021,2,4918
finance,2021-2,negative,1243,2021,2,4918
finance,2021-3,positive,3348,2021,3,4866
finance,2021-3,neutral,175,2021,3,4866
finance,2021-3,negative,1343,2021,3,4866
finance,2021-4,positive,3122,2021,4,4938
finance,2021-4,neutral,224,2021,4,4938
finance,2021-4,negative,1592,2021,4,4938
finance,2021-5,positive,2476,2021,5,3611
finance,2021-5,neutral,148,2021,5,3611
finance,2021-5,negative,987,2021,5,3611
finance,2021-6,positive,2828,2021,6,4478
finance,2021-6,neutral,170,2021,6,4478
finance,2021-6,negative,1480,2021,6,4478
finance,2021-7,positive,2499,2021,7,4093
finance,2021-7,neutral,167,2021,7,4093
finance,2021-7,negative,1427,2021,7,4093
finance,2021-8,positive,2484,2021,8,3929
finance,2021-8,neutral,178,2021,8,3929
finance,2021-8,negative,1267,2021,8,3929
finance,2021-9,positive,2540,2021,9,4155
finance,2021-9,neutral,176,2021,9,4155
finance,2021-9,negative,1439,2021,9,4155
finance,2022-1,positive,3742,2022,1,6246
finance,2022-1,neutral,249,2022,1,6246
finance,2022-1,negative,2255,2022,1,6246
finance,2022-10,positive,3728,2022,10,6187
finance,2022-10,neutral,276,2022,10,6187
finance,2022-10,negative,2183,2022,10,6187
finance,2022-11,positive,4121,2022,11,6330
finance,2022-11,neutral,236,2022,11,6330
finance,2022-11,negative,1973,2022,11,6330
finance,2022-12,positive,2322,2022,12,3508
finance,2022-12,neutral,161,2022,12,3508
finance,2022-12,negative,1025,2022,12,3508
finance,2022-2,positive,2633,2022,2,4554
finance,2022-2,neutral,188,2022,2,4554
finance,2022-2,negative,1733,2022,2,4554
finance,2022-3,positive,2938,2022,3,5249
finance,2022-3,neutral,214,2022,3,5249
finance,2022-3,negative,2097,2022,3,5249
finance,2022-4,positive,2296,2022,4,3867
finance,2022-4,neutral,164,2022,4,3867
finance,2022-4,negative,1407,2022,4,3867
finance,2022-5,positive,3451,2022,5,5303
finance,2022-5,neutral,221,2022,5,5303
finance,2022-5,negative,1631,2022,5,5303
finance,2022-6,positive,5094,2022,6,8337
finance,2022-6,neutral,311,2022,6,8337
finance,2022-6,negative,2932,2022,6,8337
finance,2022-7,positive,3838,2022,7,6187
finance,2022-7,neutral,223,2022,7,6187
finance,2022-7,negative,2126,2022,7,6187
finance,2022-8,positive,3031,2022,8,4979
finance,2022-8,neutral,184,2022,8,4979
finance,2022-8,negative,1764,2022,8,4979
finance,2022-9,positive,2731,2022,9,4343
finance,2022-9,neutral,183,2022,9,4343
finance,2022-9,negative,1429,2022,9,4343
finance,2023-1,positive,2983,2023,1,4404
finance,2023-1,neutral,168,2023,1,4404
finance,2023-1,negative,1253,2023,1,4404
finance,2023-2,positive,1901,2023,2,3082
finance,2023-2,neutral,121,2023,2,3082
finance,2023-2,negative,1060,2023,2,3082
finance,2023-3,positive,5488,2023,3,8589
finance,2023-3,neutral,332,2023,3,8589
finance,2023-3,negative,2769,2023,3,8589
socialism,2021-1,positive,9476,2021,1,17451
socialism,2021-1,neutral,939,2021,1,17451
socialism,2021-1,negative,7036,2021,1,17451
socialism,2021-10,positive,7234,2021,10,13282
socialism,2021-10,neutral,486,2021,10,13282
socialism,2021-10,negative,5562,2021,10,13282
socialism,2021-11,positive,5725,2021,11,10753
socialism,2021-11,neutral,388,2021,11,10753
socialism,2021-11,negative,4640,2021,11,10753
socialism,2021-12,positive,6485,2021,12,12292
socialism,2021-12,neutral,540,2021,12,12292
socialism,2021-12,negative,5267,2021,12,12292
socialism,2021-2,positive,6717,2021,2,12174
socialism,2021-2,neutral,421,2021,2,12174
socialism,2021-2,negative,5036,2021,2,12174
socialism,2021-3,positive,6269,2021,3,11734
socialism,2021-3,neutral,445,2021,3,11734
socialism,2021-3,negative,5020,2021,3,11734
socialism,2021-4,positive,7902,2021,4,14795
socialism,2021-4,neutral,532,2021,4,14795
socialism,2021-4,negative,6361,2021,4,14795
socialism,2021-5,positive,6811,2021,5,12854
socialism,2021-5,neutral,393,2021,5,12854
socialism,2021-5,negative,5650,2021,5,12854
socialism,2021-6,positive,5843,2021,6,10957
socialism,2021-6,neutral,422,2021,6,10957
socialism,2021-6,negative,4692,2021,6,10957
socialism,2021-7,positive,7717,2021,7,15032
socialism,2021-7,neutral,574,2021,7,15032
socialism,2021-7,negative,6741,2021,7,15032
socialism,2021-8,positive,8461,2021,8,15343
socialism,2021-8,neutral,543,2021,8,15343
socialism,2021-8,negative,6339,2021,8,15343
socialism,2021-9,positive,7378,2021,9,13732
socialism,2021-9,neutral,509,2021,9,13732
socialism,2021-9,negative,5845,2021,9,13732
socialism,2022-1,positive,8438,2022,1,16538
socialism,2022-1,neutral,601,2022,1,16538
socialism,2022-1,negative,7499,2022,1,16538
socialism,2022-10,positive,6904,2022,10,12151
socialism,2022-10,neutral,387,2022,10,12151
socialism,2022-10,negative,4860,2022,10,12151
socialism,2022-11,positive,6224,2022,11,11173
socialism,2022-11,neutral,387,2022,11,11173
socialism,2022-11,negative,4562,2022,11,11173
socialism,2022-12,positive,6302,2022,12,10350
socialism,2022-12,neutral,335,2022,12,10350
socialism,2022-12,negative,3713,2022,12,10350
socialism,2022-2,positive,8013,2022,2,17881
socialism,2022-2,neutral,610,2022,2,17881
socialism,2022-2,negative,9258,2022,2,17881
socialism,2022-3,positive,6584,2022,3,13906
socialism,2022-3,neutral,525,2022,3,13906
socialism,2022-3,negative,6797,2022,3,13906
socialism,2022-4,positive,8766,2022,4,19854
socialism,2022-4,neutral,731,2022,4,19854
socialism,2022-4,negative,10357,2022,4,19854
socialism,2022-5,positive,7018,2022,5,14789
socialism,2022-5,neutral,557,2022,5,14789
socialism,2022-5,negative,7214,2022,5,14789
socialism,2022-6,positive,8029,2022,6,15971
socialism,2022-6,neutral,588,2022,6,15971
socialism,2022-6,negative,7354,2022,6,15971
socialism,2022-7,positive,7321,2022,7,14658
socialism,2022-7,neutral,583,2022,7,14658
socialism,2022-7,negative,6754,2022,7,14658
socialism,2022-8,positive,7059,2022,8,14814
socialism,2022-8,neutral,517,2022,8,14814
socialism,2022-8,negative,7238,2022,8,14814
socialism,2022-9,positive,8748,2022,9,16001
socialism,2022-9,neutral,553,2022,9,16001
socialism,2022-9,negative,6700,2022,9,16001
socialism,2023-1,positive,7204,2023,1,12002
socialism,2023-1,neutral,421,2023,1,12002
socialism,2023-1,negative,4377,2023,1,12002
socialism,2023-2,positive,5808,2023,2,9621
socialism,2023-2,neutral,311,2023,2,9621
socialism,2023-2,negative,3502,2023,2,9621
socialism,2023-3,positive,6077,2023,3,10587
socialism,2023-3,neutral,306,2023,3,10587
socialism,2023-3,negative,4204,2023,3,10587
