subreddit,year_month,sentiment,total_submissions_sentiment,year(created_utc),month(created_utc),total_submissions
Ask_Politics,2021-1,positive,504,2021,1,1027
Ask_Politics,2021-1,neutral,29,2021,1,1027
Ask_Politics,2021-1,negative,494,2021,1,1027
Ask_Politics,2021-10,positive,83,2021,10,132
Ask_Politics,2021-10,neutral,3,2021,10,132
Ask_Politics,2021-10,negative,46,2021,10,132
Ask_Politics,2021-11,positive,58,2021,11,108
Ask_Politics,2021-11,neutral,7,2021,11,108
Ask_Politics,2021-11,negative,43,2021,11,108
Ask_Politics,2021-12,positive,60,2021,12,119
Ask_Politics,2021-12,neutral,7,2021,12,119
Ask_Politics,2021-12,negative,52,2021,12,119
Ask_Politics,2021-2,positive,207,2021,2,464
Ask_Politics,2021-2,neutral,15,2021,2,464
Ask_Politics,2021-2,negative,242,2021,2,464
Ask_Politics,2021-3,positive,187,2021,3,398
Ask_Politics,2021-3,neutral,14,2021,3,398
Ask_Politics,2021-3,negative,197,2021,3,398
Ask_Politics,2021-4,positive,184,2021,4,389
Ask_Politics,2021-4,neutral,18,2021,4,389
Ask_Politics,2021-4,negative,187,2021,4,389
Ask_Politics,2021-5,positive,175,2021,5,407
Ask_Politics,2021-5,neutral,13,2021,5,407
Ask_Politics,2021-5,negative,219,2021,5,407
Ask_Politics,2021-6,positive,124,2021,6,265
Ask_Politics,2021-6,neutral,5,2021,6,265
Ask_Politics,2021-6,negative,136,2021,6,265
Ask_Politics,2021-7,positive,99,2021,7,205
Ask_Politics,2021-7,neutral,7,2021,7,205
Ask_Politics,2021-7,negative,99,2021,7,205
Ask_Politics,2021-8,positive,74,2021,8,185
Ask_Politics,2021-8,neutral,6,2021,8,185
Ask_Politics,2021-8,negative,105,2021,8,185
Ask_Politics,2021-9,positive,95,2021,9,176
Ask_Politics,2021-9,neutral,9,2021,9,176
Ask_Politics,2021-9,negative,72,2021,9,176
Ask_Politics,2022-1,positive,70,2022,1,155
Ask_Politics,2022-1,neutral,7,2022,1,155
Ask_Politics,2022-1,negative,78,2022,1,155
Ask_Politics,2022-10,positive,71,2022,10,143
Ask_Politics,2022-10,neutral,4,2022,10,143
Ask_Politics,2022-10,negative,68,2022,10,143
Ask_Politics,2022-11,positive,70,2022,11,149
Ask_Politics,2022-11,neutral,9,2022,11,149
Ask_Politics,2022-11,negative,70,2022,11,149
Ask_Politics,2022-12,positive,36,2022,12,96
Ask_Politics,2022-12,neutral,7,2022,12,96
Ask_Politics,2022-12,negative,53,2022,12,96
Ask_Politics,2022-2,positive,75,2022,2,153
Ask_Politics,2022-2,neutral,4,2022,2,153
Ask_Politics,2022-2,negative,74,2022,2,153
Ask_Politics,2022-3,positive,72,2022,3,186
Ask_Politics,2022-3,neutral,6,2022,3,186
Ask_Politics,2022-3,negative,108,2022,3,186
Ask_Politics,2022-4,positive,60,2022,4,124
Ask_Politics,2022-4,neutral,2,2022,4,124
Ask_Politics,2022-4,negative,62,2022,4,124
Ask_Politics,2022-5,positive,62,2022,5,126
Ask_Politics,2022-5,neutral,3,2022,5,126
Ask_Politics,2022-5,negative,61,2022,5,126
Ask_Politics,2022-6,positive,80,2022,6,174
Ask_Politics,2022-6,neutral,7,2022,6,174
Ask_Politics,2022-6,negative,87,2022,6,174
Ask_Politics,2022-7,positive,77,2022,7,172
Ask_Politics,2022-7,neutral,6,2022,7,172
Ask_Politics,2022-7,negative,89,2022,7,172
Ask_Politics,2022-8,positive,75,2022,8,151
Ask_Politics,2022-8,neutral,4,2022,8,151
Ask_Politics,2022-8,negative,72,2022,8,151
Ask_Politics,2022-9,positive,52,2022,9,130
Ask_Politics,2022-9,neutral,9,2022,9,130
Ask_Politics,2022-9,negative,69,2022,9,130
Ask_Politics,2023-1,positive,43,2023,1,100
Ask_Politics,2023-1,neutral,3,2023,1,100
Ask_Politics,2023-1,negative,54,2023,1,100
Ask_Politics,2023-2,positive,43,2023,2,85
Ask_Politics,2023-2,neutral,4,2023,2,85
Ask_Politics,2023-2,negative,38,2023,2,85
Ask_Politics,2023-3,positive,28,2023,3,83
Ask_Politics,2023-3,neutral,3,2023,3,83
Ask_Politics,2023-3,negative,52,2023,3,83
Conservative,2021-1,positive,11810,2021,1,21467
Conservative,2021-1,neutral,1063,2021,1,21467
Conservative,2021-1,negative,8594,2021,1,21467
Conservative,2021-10,positive,6960,2021,10,12457
Conservative,2021-10,neutral,383,2021,10,12457
Conservative,2021-10,negative,5114,2021,10,12457
Conservative,2021-11,positive,8153,2021,11,14514
Conservative,2021-11,neutral,493,2021,11,14514
Conservative,2021-11,negative,5868,2021,11,14514
Conservative,2021-12,positive,7855,2021,12,13813
Conservative,2021-12,neutral,453,2021,12,13813
Conservative,2021-12,negative,5505,2021,12,13813
Conservative,2021-2,positive,8246,2021,2,15625
Conservative,2021-2,neutral,630,2021,2,15625
Conservative,2021-2,negative,6749,2021,2,15625
Conservative,2021-3,positive,8827,2021,3,17822
Conservative,2021-3,neutral,709,2021,3,17822
Conservative,2021-3,negative,8286,2021,3,17822
Conservative,2021-4,positive,8169,2021,4,16608
Conservative,2021-4,neutral,692,2021,4,16608
Conservative,2021-4,negative,7747,2021,4,16608
Conservative,2021-5,positive,7674,2021,5,15429
Conservative,2021-5,neutral,628,2021,5,15429
Conservative,2021-5,negative,7127,2021,5,15429
Conservative,2021-6,positive,7053,2021,6,13845
Conservative,2021-6,neutral,572,2021,6,13845
Conservative,2021-6,negative,6220,2021,6,13845
Conservative,2021-7,positive,7079,2021,7,13856
Conservative,2021-7,neutral,570,2021,7,13856
Conservative,2021-7,negative,6207,2021,7,13856
Conservative,2021-8,positive,6974,2021,8,15315
Conservative,2021-8,neutral,559,2021,8,15315
Conservative,2021-8,negative,7782,2021,8,15315
Conservative,2021-9,positive,6655,2021,9,12362
Conservative,2021-9,neutral,370,2021,9,12362
Conservative,2021-9,negative,5337,2021,9,12362
Conservative,2022-1,positive,7818,2022,1,14517
Conservative,2022-1,neutral,470,2022,1,14517
Conservative,2022-1,negative,6229,2022,1,14517
Conservative,2022-10,positive,4856,2022,10,10160
Conservative,2022-10,neutral,431,2022,10,10160
Conservative,2022-10,negative,4873,2022,10,10160
Conservative,2022-11,positive,5075,2022,11,9823
Conservative,2022-11,neutral,388,2022,11,9823
Conservative,2022-11,negative,4360,2022,11,9823
Conservative,2022-12,positive,3466,2022,12,7022
Conservative,2022-12,neutral,261,2022,12,7022
Conservative,2022-12,negative,3295,2022,12,7022
Conservative,2022-2,positive,7594,2022,2,14107
Conservative,2022-2,neutral,491,2022,2,14107
Conservative,2022-2,negative,6022,2022,2,14107
Conservative,2022-3,positive,5837,2022,3,12016
Conservative,2022-3,neutral,439,2022,3,12016
Conservative,2022-3,negative,5740,2022,3,12016
Conservative,2022-4,positive,6142,2022,4,11695
Conservative,2022-4,neutral,479,2022,4,11695
Conservative,2022-4,negative,5074,2022,4,11695
Conservative,2022-5,positive,5872,2022,5,11977
Conservative,2022-5,neutral,486,2022,5,11977
Conservative,2022-5,negative,5619,2022,5,11977
Conservative,2022-6,positive,6322,2022,6,12609
Conservative,2022-6,neutral,548,2022,6,12609
Conservative,2022-6,negative,5739,2022,6,12609
Conservative,2022-7,positive,6252,2022,7,12425
Conservative,2022-7,neutral,510,2022,7,12425
Conservative,2022-7,negative,5663,2022,7,12425
Conservative,2022-8,positive,5558,2022,8,11231
Conservative,2022-8,neutral,454,2022,8,11231
Conservative,2022-8,negative,5219,2022,8,11231
Conservative,2022-9,positive,4756,2022,9,9895
Conservative,2022-9,neutral,414,2022,9,9895
Conservative,2022-9,negative,4725,2022,9,9895
Conservative,2023-1,positive,3456,2023,1,6976
Conservative,2023-1,neutral,241,2023,1,6976
Conservative,2023-1,negative,3279,2023,1,6976
Conservative,2023-2,positive,3413,2023,2,7153
Conservative,2023-2,neutral,289,2023,2,7153
Conservative,2023-2,negative,3451,2023,2,7153
Conservative,2023-3,positive,4199,2023,3,8941
Conservative,2023-3,neutral,372,2023,3,8941
Conservative,2023-3,negative,4370,2023,3,8941
Economics,2021-1,positive,745,2021,1,1352
Economics,2021-1,neutral,50,2021,1,1352
Economics,2021-1,negative,557,2021,1,1352
Economics,2021-10,positive,528,2021,10,850
Economics,2021-10,neutral,20,2021,10,850
Economics,2021-10,negative,302,2021,10,850
Economics,2021-11,positive,464,2021,11,763
Economics,2021-11,neutral,19,2021,11,763
Economics,2021-11,negative,280,2021,11,763
Economics,2021-12,positive,655,2021,12,1045
Economics,2021-12,neutral,26,2021,12,1045
Economics,2021-12,negative,364,2021,12,1045
Economics,2021-2,positive,752,2021,2,1342
Economics,2021-2,neutral,53,2021,2,1342
Economics,2021-2,negative,537,2021,2,1342
Economics,2021-3,positive,841,2021,3,1428
Economics,2021-3,neutral,54,2021,3,1428
Economics,2021-3,negative,533,2021,3,1428
Economics,2021-4,positive,916,2021,4,1452
Economics,2021-4,neutral,47,2021,4,1452
Economics,2021-4,negative,489,2021,4,1452
Economics,2021-5,positive,651,2021,5,1127
Economics,2021-5,neutral,45,2021,5,1127
Economics,2021-5,negative,431,2021,5,1127
Economics,2021-6,positive,619,2021,6,1069
Economics,2021-6,neutral,31,2021,6,1069
Economics,2021-6,negative,419,2021,6,1069
Economics,2021-7,positive,547,2021,7,935
Economics,2021-7,neutral,19,2021,7,935
Economics,2021-7,negative,369,2021,7,935
Economics,2021-8,positive,446,2021,8,826
Economics,2021-8,neutral,17,2021,8,826
Economics,2021-8,negative,363,2021,8,826
Economics,2021-9,positive,588,2021,9,1057
Economics,2021-9,neutral,30,2021,9,1057
Economics,2021-9,negative,439,2021,9,1057
Economics,2022-1,positive,740,2022,1,1174
Economics,2022-1,neutral,27,2022,1,1174
Economics,2022-1,negative,407,2022,1,1174
Economics,2022-10,positive,763,2022,10,1584
Economics,2022-10,neutral,56,2022,10,1584
Economics,2022-10,negative,765,2022,10,1584
Economics,2022-11,positive,671,2022,11,1366
Economics,2022-11,neutral,39,2022,11,1366
Economics,2022-11,negative,656,2022,11,1366
Economics,2022-12,positive,603,2022,12,1220
Economics,2022-12,neutral,35,2022,12,1220
Economics,2022-12,negative,582,2022,12,1220
Economics,2022-2,positive,535,2022,2,934
Economics,2022-2,neutral,27,2022,2,934
Economics,2022-2,negative,372,2022,2,934
Economics,2022-3,positive,520,2022,3,1232
Economics,2022-3,neutral,33,2022,3,1232
Economics,2022-3,negative,679,2022,3,1232
Economics,2022-4,positive,512,2022,4,977
Economics,2022-4,neutral,29,2022,4,977
Economics,2022-4,negative,436,2022,4,977
Economics,2022-5,positive,597,2022,5,1107
Economics,2022-5,neutral,38,2022,5,1107
Economics,2022-5,negative,472,2022,5,1107
Economics,2022-6,positive,619,2022,6,1221
Economics,2022-6,neutral,46,2022,6,1221
Economics,2022-6,negative,556,2022,6,1221
Economics,2022-7,positive,669,2022,7,1253
Economics,2022-7,neutral,42,2022,7,1253
Economics,2022-7,negative,542,2022,7,1253
Economics,2022-8,positive,2864,2022,8,4471
Economics,2022-8,neutral,109,2022,8,4471
Economics,2022-8,negative,1498,2022,8,4471
Economics,2022-9,positive,4067,2022,9,6658
Economics,2022-9,neutral,179,2022,9,6658
Economics,2022-9,negative,2412,2022,9,6658
Economics,2023-1,positive,664,2023,1,1296
Economics,2023-1,neutral,32,2023,1,1296
Economics,2023-1,negative,600,2023,1,1296
Economics,2023-2,positive,558,2023,2,1100
Economics,2023-2,neutral,41,2023,2,1100
Economics,2023-2,negative,501,2023,2,1100
Economics,2023-3,positive,923,2023,3,1636
Economics,2023-3,neutral,62,2023,3,1636
Economics,2023-3,negative,651,2023,3,1636
Liberal,2021-1,positive,561,2021,1,1058
Liberal,2021-1,neutral,50,2021,1,1058
Liberal,2021-1,negative,447,2021,1,1058
Liberal,2021-10,positive,239,2021,10,343
Liberal,2021-10,neutral,5,2021,10,343
Liberal,2021-10,negative,99,2021,10,343
Liberal,2021-11,positive,234,2021,11,350
Liberal,2021-11,neutral,9,2021,11,350
Liberal,2021-11,negative,107,2021,11,350
Liberal,2021-12,positive,233,2021,12,400
Liberal,2021-12,neutral,14,2021,12,400
Liberal,2021-12,negative,153,2021,12,400
Liberal,2021-2,positive,311,2021,2,546
Liberal,2021-2,neutral,24,2021,2,546
Liberal,2021-2,negative,211,2021,2,546
Liberal,2021-3,positive,294,2021,3,599
Liberal,2021-3,neutral,30,2021,3,599
Liberal,2021-3,negative,275,2021,3,599
Liberal,2021-4,positive,320,2021,4,671
Liberal,2021-4,neutral,20,2021,4,671
Liberal,2021-4,negative,331,2021,4,671
Liberal,2021-5,positive,362,2021,5,744
Liberal,2021-5,neutral,31,2021,5,744
Liberal,2021-5,negative,351,2021,5,744
Liberal,2021-6,positive,243,2021,6,446
Liberal,2021-6,neutral,21,2021,6,446
Liberal,2021-6,negative,182,2021,6,446
Liberal,2021-7,positive,238,2021,7,426
Liberal,2021-7,neutral,17,2021,7,426
Liberal,2021-7,negative,171,2021,7,426
Liberal,2021-8,positive,212,2021,8,447
Liberal,2021-8,neutral,16,2021,8,447
Liberal,2021-8,negative,219,2021,8,447
Liberal,2021-9,positive,234,2021,9,419
Liberal,2021-9,neutral,16,2021,9,419
Liberal,2021-9,negative,169,2021,9,419
Liberal,2022-1,positive,186,2022,1,296
Liberal,2022-1,neutral,11,2022,1,296
Liberal,2022-1,negative,99,2022,1,296
Liberal,2022-10,positive,167,2022,10,325
Liberal,2022-10,neutral,12,2022,10,325
Liberal,2022-10,negative,146,2022,10,325
Liberal,2022-11,positive,193,2022,11,361
Liberal,2022-11,neutral,18,2022,11,361
Liberal,2022-11,negative,150,2022,11,361
Liberal,2022-12,positive,180,2022,12,314
Liberal,2022-12,neutral,11,2022,12,314
Liberal,2022-12,negative,123,2022,12,314
Liberal,2022-2,positive,187,2022,2,295
Liberal,2022-2,neutral,12,2022,2,295
Liberal,2022-2,negative,96,2022,2,295
Liberal,2022-3,positive,143,2022,3,282
Liberal,2022-3,neutral,14,2022,3,282
Liberal,2022-3,negative,125,2022,3,282
Liberal,2022-4,positive,158,2022,4,276
Liberal,2022-4,neutral,11,2022,4,276
Liberal,2022-4,negative,107,2022,4,276
Liberal,2022-5,positive,168,2022,5,316
Liberal,2022-5,neutral,12,2022,5,316
Liberal,2022-5,negative,136,2022,5,316
Liberal,2022-6,positive,180,2022,6,353
Liberal,2022-6,neutral,18,2022,6,353
Liberal,2022-6,negative,155,2022,6,353
Liberal,2022-7,positive,202,2022,7,339
Liberal,2022-7,neutral,18,2022,7,339
Liberal,2022-7,negative,119,2022,7,339
Liberal,2022-8,positive,177,2022,8,332
Liberal,2022-8,neutral,12,2022,8,332
Liberal,2022-8,negative,143,2022,8,332
Liberal,2022-9,positive,156,2022,9,299
Liberal,2022-9,neutral,15,2022,9,299
Liberal,2022-9,negative,128,2022,9,299
Liberal,2023-1,positive,122,2023,1,261
Liberal,2023-1,neutral,14,2023,1,261
Liberal,2023-1,negative,125,2023,1,261
Liberal,2023-2,positive,156,2023,2,267
Liberal,2023-2,neutral,8,2023,2,267
Liberal,2023-2,negative,103,2023,2,267
Liberal,2023-3,positive,170,2023,3,318
Liberal,2023-3,neutral,16,2023,3,318
Liberal,2023-3,negative,132,2023,3,318
Libertarian,2021-1,positive,2576,2021,1,4448
Libertarian,2021-1,neutral,176,2021,1,4448
Libertarian,2021-1,negative,1696,2021,1,4448
Libertarian,2021-10,positive,1345,2021,10,2190
Libertarian,2021-10,neutral,69,2021,10,2190
Libertarian,2021-10,negative,776,2021,10,2190
Libertarian,2021-11,positive,1471,2021,11,2383
Libertarian,2021-11,neutral,67,2021,11,2383
Libertarian,2021-11,negative,845,2021,11,2383
Libertarian,2021-12,positive,1413,2021,12,2403
Libertarian,2021-12,neutral,80,2021,12,2403
Libertarian,2021-12,negative,910,2021,12,2403
Libertarian,2021-2,positive,1671,2021,2,2997
Libertarian,2021-2,neutral,96,2021,2,2997
Libertarian,2021-2,negative,1230,2021,2,2997
Libertarian,2021-3,positive,1839,2021,3,3518
Libertarian,2021-3,neutral,126,2021,3,3518
Libertarian,2021-3,negative,1553,2021,3,3518
Libertarian,2021-4,positive,1696,2021,4,3231
Libertarian,2021-4,neutral,104,2021,4,3231
Libertarian,2021-4,negative,1431,2021,4,3231
Libertarian,2021-5,positive,1436,2021,5,2767
Libertarian,2021-5,neutral,96,2021,5,2767
Libertarian,2021-5,negative,1235,2021,5,2767
Libertarian,2021-6,positive,1398,2021,6,2671
Libertarian,2021-6,neutral,101,2021,6,2671
Libertarian,2021-6,negative,1172,2021,6,2671
Libertarian,2021-7,positive,1630,2021,7,2877
Libertarian,2021-7,neutral,101,2021,7,2877
Libertarian,2021-7,negative,1146,2021,7,2877
Libertarian,2021-8,positive,1508,2021,8,2792
Libertarian,2021-8,neutral,81,2021,8,2792
Libertarian,2021-8,negative,1203,2021,8,2792
Libertarian,2021-9,positive,1740,2021,9,2858
Libertarian,2021-9,neutral,73,2021,9,2858
Libertarian,2021-9,negative,1045,2021,9,2858
Libertarian,2022-1,positive,1336,2022,1,2225
Libertarian,2022-1,neutral,63,2022,1,2225
Libertarian,2022-1,negative,826,2022,1,2225
Libertarian,2022-10,positive,347,2022,10,665
Libertarian,2022-10,neutral,17,2022,10,665
Libertarian,2022-10,negative,301,2022,10,665
Libertarian,2022-11,positive,356,2022,11,630
Libertarian,2022-11,neutral,25,2022,11,630
Libertarian,2022-11,negative,249,2022,11,630
Libertarian,2022-12,positive,298,2022,12,552
Libertarian,2022-12,neutral,23,2022,12,552
Libertarian,2022-12,negative,231,2022,12,552
Libertarian,2022-2,positive,1228,2022,2,2207
Libertarian,2022-2,neutral,61,2022,2,2207
Libertarian,2022-2,negative,918,2022,2,2207
Libertarian,2022-3,positive,917,2022,3,1783
Libertarian,2022-3,neutral,58,2022,3,1783
Libertarian,2022-3,negative,808,2022,3,1783
Libertarian,2022-4,positive,806,2022,4,1456
Libertarian,2022-4,neutral,43,2022,4,1456
Libertarian,2022-4,negative,607,2022,4,1456
Libertarian,2022-5,positive,711,2022,5,1309
Libertarian,2022-5,neutral,51,2022,5,1309
Libertarian,2022-5,negative,547,2022,5,1309
Libertarian,2022-6,positive,669,2022,6,1183
Libertarian,2022-6,neutral,39,2022,6,1183
Libertarian,2022-6,negative,475,2022,6,1183
Libertarian,2022-7,positive,493,2022,7,872
Libertarian,2022-7,neutral,19,2022,7,872
Libertarian,2022-7,negative,360,2022,7,872
Libertarian,2022-8,positive,426,2022,8,757
Libertarian,2022-8,neutral,29,2022,8,757
Libertarian,2022-8,negative,302,2022,8,757
Libertarian,2022-9,positive,325,2022,9,599
Libertarian,2022-9,neutral,24,2022,9,599
Libertarian,2022-9,negative,250,2022,9,599
Libertarian,2023-1,positive,259,2023,1,514
Libertarian,2023-1,neutral,20,2023,1,514
Libertarian,2023-1,negative,235,2023,1,514
Libertarian,2023-2,positive,282,2023,2,547
Libertarian,2023-2,neutral,24,2023,2,547
Libertarian,2023-2,negative,241,2023,2,547
Libertarian,2023-3,positive,357,2023,3,702
Libertarian,2023-3,neutral,25,2023,3,702
Libertarian,2023-3,negative,320,2023,3,702
centrist,2021-1,positive,669,2021,1,1193
centrist,2021-1,neutral,45,2021,1,1193
centrist,2021-1,negative,479,2021,1,1193
centrist,2021-10,positive,267,2021,10,406
centrist,2021-10,neutral,13,2021,10,406
centrist,2021-10,negative,126,2021,10,406
centrist,2021-11,positive,282,2021,11,453
centrist,2021-11,neutral,22,2021,11,453
centrist,2021-11,negative,149,2021,11,453
centrist,2021-12,positive,197,2021,12,336
centrist,2021-12,neutral,12,2021,12,336
centrist,2021-12,negative,127,2021,12,336
centrist,2021-2,positive,355,2021,2,677
centrist,2021-2,neutral,34,2021,2,677
centrist,2021-2,negative,288,2021,2,677
centrist,2021-3,positive,270,2021,3,525
centrist,2021-3,neutral,19,2021,3,525
centrist,2021-3,negative,236,2021,3,525
centrist,2021-4,positive,331,2021,4,656
centrist,2021-4,neutral,22,2021,4,656
centrist,2021-4,negative,303,2021,4,656
centrist,2021-5,positive,362,2021,5,676
centrist,2021-5,neutral,22,2021,5,676
centrist,2021-5,negative,292,2021,5,676
centrist,2021-6,positive,415,2021,6,723
centrist,2021-6,neutral,22,2021,6,723
centrist,2021-6,negative,286,2021,6,723
centrist,2021-7,positive,258,2021,7,465
centrist,2021-7,neutral,19,2021,7,465
centrist,2021-7,negative,188,2021,7,465
centrist,2021-8,positive,256,2021,8,515
centrist,2021-8,neutral,18,2021,8,515
centrist,2021-8,negative,241,2021,8,515
centrist,2021-9,positive,230,2021,9,401
centrist,2021-9,neutral,12,2021,9,401
centrist,2021-9,negative,159,2021,9,401
centrist,2022-1,positive,265,2022,1,458
centrist,2022-1,neutral,10,2022,1,458
centrist,2022-1,negative,183,2022,1,458
centrist,2022-10,positive,220,2022,10,431
centrist,2022-10,neutral,11,2022,10,431
centrist,2022-10,negative,200,2022,10,431
centrist,2022-11,positive,170,2022,11,332
centrist,2022-11,neutral,12,2022,11,332
centrist,2022-11,negative,150,2022,11,332
centrist,2022-12,positive,214,2022,12,393
centrist,2022-12,neutral,16,2022,12,393
centrist,2022-12,negative,163,2022,12,393
centrist,2022-2,positive,234,2022,2,445
centrist,2022-2,neutral,13,2022,2,445
centrist,2022-2,negative,198,2022,2,445
centrist,2022-3,positive,187,2022,3,372
centrist,2022-3,neutral,15,2022,3,372
centrist,2022-3,negative,170,2022,3,372
centrist,2022-4,positive,185,2022,4,358
centrist,2022-4,neutral,14,2022,4,358
centrist,2022-4,negative,159,2022,4,358
centrist,2022-5,positive,272,2022,5,548
centrist,2022-5,neutral,18,2022,5,548
centrist,2022-5,negative,258,2022,5,548
centrist,2022-6,positive,268,2022,6,523
centrist,2022-6,neutral,17,2022,6,523
centrist,2022-6,negative,238,2022,6,523
centrist,2022-7,positive,271,2022,7,507
centrist,2022-7,neutral,17,2022,7,507
centrist,2022-7,negative,219,2022,7,507
centrist,2022-8,positive,268,2022,8,547
centrist,2022-8,neutral,20,2022,8,547
centrist,2022-8,negative,259,2022,8,547
centrist,2022-9,positive,188,2022,9,345
centrist,2022-9,neutral,14,2022,9,345
centrist,2022-9,negative,143,2022,9,345
centrist,2023-1,positive,193,2023,1,399
centrist,2023-1,neutral,12,2023,1,399
centrist,2023-1,negative,194,2023,1,399
centrist,2023-2,positive,223,2023,2,398
centrist,2023-2,neutral,19,2023,2,398
centrist,2023-2,negative,156,2023,2,398
centrist,2023-3,positive,261,2023,3,503
centrist,2023-3,neutral,11,2023,3,503
centrist,2023-3,negative,231,2023,3,503
changemyview,2021-1,positive,1973,2021,1,3507
changemyview,2021-1,neutral,147,2021,1,3507
changemyview,2021-1,negative,1387,2021,1,3507
changemyview,2021-10,positive,1665,2021,10,2222
changemyview,2021-10,neutral,46,2021,10,2222
changemyview,2021-10,negative,511,2021,10,2222
changemyview,2021-11,positive,1667,2021,11,2352
changemyview,2021-11,neutral,58,2021,11,2352
changemyview,2021-11,negative,627,2021,11,2352
changemyview,2021-12,positive,1510,2021,12,2229
changemyview,2021-12,neutral,54,2021,12,2229
changemyview,2021-12,negative,665,2021,12,2229
changemyview,2021-2,positive,1714,2021,2,3031
changemyview,2021-2,neutral,116,2021,2,3031
changemyview,2021-2,negative,1201,2021,2,3031
changemyview,2021-3,positive,1913,2021,3,3323
changemyview,2021-3,neutral,102,2021,3,3323
changemyview,2021-3,negative,1308,2021,3,3323
changemyview,2021-4,positive,1956,2021,4,3414
changemyview,2021-4,neutral,133,2021,4,3414
changemyview,2021-4,negative,1325,2021,4,3414
changemyview,2021-5,positive,1694,2021,5,3013
changemyview,2021-5,neutral,113,2021,5,3013
changemyview,2021-5,negative,1206,2021,5,3013
changemyview,2021-6,positive,1681,2021,6,2744
changemyview,2021-6,neutral,86,2021,6,2744
changemyview,2021-6,negative,977,2021,6,2744
changemyview,2021-7,positive,1672,2021,7,2822
changemyview,2021-7,neutral,96,2021,7,2822
changemyview,2021-7,negative,1054,2021,7,2822
changemyview,2021-8,positive,1575,2021,8,2801
changemyview,2021-8,neutral,102,2021,8,2801
changemyview,2021-8,negative,1124,2021,8,2801
changemyview,2021-9,positive,1623,2021,9,2386
changemyview,2021-9,neutral,65,2021,9,2386
changemyview,2021-9,negative,698,2021,9,2386
changemyview,2022-1,positive,1401,2022,1,2030
changemyview,2022-1,neutral,53,2022,1,2030
changemyview,2022-1,negative,576,2022,1,2030
changemyview,2022-10,positive,1162,2022,10,2021
changemyview,2022-10,neutral,69,2022,10,2021
changemyview,2022-10,negative,790,2022,10,2021
changemyview,2022-11,positive,1098,2022,11,1977
changemyview,2022-11,neutral,90,2022,11,1977
changemyview,2022-11,negative,789,2022,11,1977
changemyview,2022-12,positive,1220,2022,12,2012
changemyview,2022-12,neutral,67,2022,12,2012
changemyview,2022-12,negative,725,2022,12,2012
changemyview,2022-2,positive,1125,2022,2,1779
changemyview,2022-2,neutral,50,2022,2,1779
changemyview,2022-2,negative,604,2022,2,1779
changemyview,2022-3,positive,1139,2022,3,2072
changemyview,2022-3,neutral,57,2022,3,2072
changemyview,2022-3,negative,876,2022,3,2072
changemyview,2022-4,positive,1209,2022,4,2050
changemyview,2022-4,neutral,75,2022,4,2050
changemyview,2022-4,negative,766,2022,4,2050
changemyview,2022-5,positive,1265,2022,5,2324
changemyview,2022-5,neutral,75,2022,5,2324
changemyview,2022-5,negative,984,2022,5,2324
changemyview,2022-6,positive,1373,2022,6,2321
changemyview,2022-6,neutral,51,2022,6,2321
changemyview,2022-6,negative,897,2022,6,2321
changemyview,2022-7,positive,1289,2022,7,2311
changemyview,2022-7,neutral,91,2022,7,2311
changemyview,2022-7,negative,931,2022,7,2311
changemyview,2022-8,positive,1222,2022,8,2084
changemyview,2022-8,neutral,58,2022,8,2084
changemyview,2022-8,negative,804,2022,8,2084
changemyview,2022-9,positive,1009,2022,9,1772
changemyview,2022-9,neutral,82,2022,9,1772
changemyview,2022-9,negative,681,2022,9,1772
changemyview,2023-1,positive,1201,2023,1,2045
changemyview,2023-1,neutral,100,2023,1,2045
changemyview,2023-1,negative,744,2023,1,2045
changemyview,2023-2,positive,1165,2023,2,1965
changemyview,2023-2,neutral,66,2023,2,1965
changemyview,2023-2,negative,734,2023,2,1965
changemyview,2023-3,positive,1190,2023,3,2025
changemyview,2023-3,neutral,92,2023,3,2025
changemyview,2023-3,negative,743,2023,3,2025
finance,2021-1,positive,622,2021,1,945
finance,2021-1,neutral,39,2021,1,945
finance,2021-1,negative,284,2021,1,945
finance,2021-10,positive,584,2021,10,866
finance,2021-10,neutral,24,2021,10,866
finance,2021-10,negative,258,2021,10,866
finance,2021-11,positive,536,2021,11,763
finance,2021-11,neutral,25,2021,11,763
finance,2021-11,negative,202,2021,11,763
finance,2021-12,positive,582,2021,12,828
finance,2021-12,neutral,19,2021,12,828
finance,2021-12,negative,227,2021,12,828
finance,2021-2,positive,680,2021,2,983
finance,2021-2,neutral,39,2021,2,983
finance,2021-2,negative,264,2021,2,983
finance,2021-3,positive,556,2021,3,776
finance,2021-3,neutral,26,2021,3,776
finance,2021-3,negative,194,2021,3,776
finance,2021-4,positive,452,2021,4,675
finance,2021-4,neutral,26,2021,4,675
finance,2021-4,negative,197,2021,4,675
finance,2021-5,positive,544,2021,5,749
finance,2021-5,neutral,15,2021,5,749
finance,2021-5,negative,190,2021,5,749
finance,2021-6,positive,609,2021,6,983
finance,2021-6,neutral,30,2021,6,983
finance,2021-6,negative,344,2021,6,983
finance,2021-7,positive,644,2021,7,982
finance,2021-7,neutral,24,2021,7,982
finance,2021-7,negative,314,2021,7,982
finance,2021-8,positive,518,2021,8,774
finance,2021-8,neutral,25,2021,8,774
finance,2021-8,negative,231,2021,8,774
finance,2021-9,positive,553,2021,9,849
finance,2021-9,neutral,30,2021,9,849
finance,2021-9,negative,266,2021,9,849
finance,2022-1,positive,600,2022,1,883
finance,2022-1,neutral,26,2022,1,883
finance,2022-1,negative,257,2022,1,883
finance,2022-10,positive,782,2022,10,1147
finance,2022-10,neutral,36,2022,10,1147
finance,2022-10,negative,329,2022,10,1147
finance,2022-11,positive,839,2022,11,1249
finance,2022-11,neutral,69,2022,11,1249
finance,2022-11,negative,341,2022,11,1249
finance,2022-12,positive,809,2022,12,1206
finance,2022-12,neutral,52,2022,12,1206
finance,2022-12,negative,345,2022,12,1206
finance,2022-2,positive,509,2022,2,783
finance,2022-2,neutral,19,2022,2,783
finance,2022-2,negative,255,2022,2,783
finance,2022-3,positive,746,2022,3,1080
finance,2022-3,neutral,41,2022,3,1080
finance,2022-3,negative,293,2022,3,1080
finance,2022-4,positive,530,2022,4,798
finance,2022-4,neutral,22,2022,4,798
finance,2022-4,negative,246,2022,4,798
finance,2022-5,positive,592,2022,5,867
finance,2022-5,neutral,23,2022,5,867
finance,2022-5,negative,252,2022,5,867
finance,2022-6,positive,553,2022,6,867
finance,2022-6,neutral,33,2022,6,867
finance,2022-6,negative,281,2022,6,867
finance,2022-7,positive,520,2022,7,783
finance,2022-7,neutral,17,2022,7,783
finance,2022-7,negative,246,2022,7,783
finance,2022-8,positive,2412,2022,8,3609
finance,2022-8,neutral,93,2022,8,3609
finance,2022-8,negative,1104,2022,8,3609
finance,2022-9,positive,1586,2022,9,2463
finance,2022-9,neutral,79,2022,9,2463
finance,2022-9,negative,798,2022,9,2463
finance,2023-1,positive,601,2023,1,897
finance,2023-1,neutral,39,2023,1,897
finance,2023-1,negative,257,2023,1,897
finance,2023-2,positive,453,2023,2,772
finance,2023-2,neutral,54,2023,2,772
finance,2023-2,negative,265,2023,2,772
finance,2023-3,positive,796,2023,3,1240
finance,2023-3,neutral,65,2023,3,1240
finance,2023-3,negative,379,2023,3,1240
socialism,2021-1,positive,1429,2021,1,2341
socialism,2021-1,neutral,115,2021,1,2341
socialism,2021-1,negative,797,2021,1,2341
socialism,2021-10,positive,1039,2021,10,1575
socialism,2021-10,neutral,37,2021,10,1575
socialism,2021-10,negative,499,2021,10,1575
socialism,2021-11,positive,901,2021,11,1431
socialism,2021-11,neutral,59,2021,11,1431
socialism,2021-11,negative,471,2021,11,1431
socialism,2021-12,positive,1133,2021,12,1701
socialism,2021-12,neutral,61,2021,12,1701
socialism,2021-12,negative,507,2021,12,1701
socialism,2021-2,positive,1162,2021,2,1954
socialism,2021-2,neutral,86,2021,2,1954
socialism,2021-2,negative,706,2021,2,1954
socialism,2021-3,positive,1104,2021,3,1895
socialism,2021-3,neutral,79,2021,3,1895
socialism,2021-3,negative,712,2021,3,1895
socialism,2021-4,positive,1049,2021,4,1832
socialism,2021-4,neutral,92,2021,4,1832
socialism,2021-4,negative,691,2021,4,1832
socialism,2021-5,positive,994,2021,5,1859
socialism,2021-5,neutral,78,2021,5,1859
socialism,2021-5,negative,787,2021,5,1859
socialism,2021-6,positive,914,2021,6,1551
socialism,2021-6,neutral,59,2021,6,1551
socialism,2021-6,negative,578,2021,6,1551
socialism,2021-7,positive,1064,2021,7,1746
socialism,2021-7,neutral,79,2021,7,1746
socialism,2021-7,negative,603,2021,7,1746
socialism,2021-8,positive,922,2021,8,1584
socialism,2021-8,neutral,68,2021,8,1584
socialism,2021-8,negative,594,2021,8,1584
socialism,2021-9,positive,978,2021,9,1601
socialism,2021-9,neutral,55,2021,9,1601
socialism,2021-9,negative,568,2021,9,1601
socialism,2022-1,positive,1074,2022,1,1715
socialism,2022-1,neutral,63,2022,1,1715
socialism,2022-1,negative,578,2022,1,1715
socialism,2022-10,positive,620,2022,10,1080
socialism,2022-10,neutral,47,2022,10,1080
socialism,2022-10,negative,413,2022,10,1080
socialism,2022-11,positive,552,2022,11,1049
socialism,2022-11,neutral,52,2022,11,1049
socialism,2022-11,negative,445,2022,11,1049
socialism,2022-12,positive,623,2022,12,1077
socialism,2022-12,neutral,24,2022,12,1077
socialism,2022-12,negative,430,2022,12,1077
socialism,2022-2,positive,895,2022,2,1523
socialism,2022-2,neutral,58,2022,2,1523
socialism,2022-2,negative,570,2022,2,1523
socialism,2022-3,positive,715,2022,3,1331
socialism,2022-3,neutral,41,2022,3,1331
socialism,2022-3,negative,575,2022,3,1331
socialism,2022-4,positive,794,2022,4,1378
socialism,2022-4,neutral,52,2022,4,1378
socialism,2022-4,negative,532,2022,4,1378
socialism,2022-5,positive,785,2022,5,1376
socialism,2022-5,neutral,62,2022,5,1376
socialism,2022-5,negative,529,2022,5,1376
socialism,2022-6,positive,754,2022,6,1295
socialism,2022-6,neutral,48,2022,6,1295
socialism,2022-6,negative,493,2022,6,1295
socialism,2022-7,positive,685,2022,7,1162
socialism,2022-7,neutral,45,2022,7,1162
socialism,2022-7,negative,432,2022,7,1162
socialism,2022-8,positive,649,2022,8,1142
socialism,2022-8,neutral,48,2022,8,1142
socialism,2022-8,negative,445,2022,8,1142
socialism,2022-9,positive,747,2022,9,1286
socialism,2022-9,neutral,55,2022,9,1286
socialism,2022-9,negative,484,2022,9,1286
socialism,2023-1,positive,733,2023,1,1247
socialism,2023-1,neutral,37,2023,1,1247
socialism,2023-1,negative,477,2023,1,1247
socialism,2023-2,positive,626,2023,2,1100
socialism,2023-2,neutral,39,2023,2,1100
socialism,2023-2,negative,435,2023,2,1100
socialism,2023-3,positive,678,2023,3,1222
socialism,2023-3,neutral,49,2023,3,1222
socialism,2023-3,negative,495,2023,3,1222
